Middle Of The Night - Elley Duhe,Зарубежные рингтоны,Скачали: 46 ,https://mobzvonok.ru/load/zarubezhnye_ringtony/middle-of-the-night-elley-duhe/5-1-0-10374
Tu Me Manques (Missing You) - Mia Martina,Танцевальные рингтоны,Скачали: 23 ,https://mobzvonok.ru/load/tancevalnye-ringtony/tu-me-manques-missing-you-mia-martina/38-1-0-10373
Gang - DASHXX, Ulukmanapo,Рэп рингтоны,Скачали: 9 ,https://mobzvonok.ru/load/rjep-ringtony/gang-dashxx-ulukmanapo/39-1-0-10372
Woman - Doja Cat,Танцевальные рингтоны,Скачали: 10 ,https://mobzvonok.ru/load/tancevalnye-ringtony/woman-doja-cat/38-1-0-10371
Коли все мине,Танцевальные рингтоны,Скачали: 6 ,https://mobzvonok.ru/load/tancevalnye-ringtony/koli-vse-mine/38-1-0-10370
Михаил Шуфутинский - 3-е Сентября,Музыка на Звонок 80х-90х,Скачали: 7942 ,https://mobzvonok.ru/load/muzyka_na_zvonok_80kh_90kh/mikhail_shufutinskij_3_e_sentjabrja/7-1-0-1052
Фантазер, ты меня называла (Remix),Танцевальные рингтоны,Скачали: 181 ,https://mobzvonok.ru/load/tancevalnye-ringtony/fantazer-ty-menja-nazyvala/38-1-0-10364
Dj Geny Tur & Techno Project - Duduk,Танцевальные рингтоны,Скачали: 68 ,https://mobzvonok.ru/load/tancevalnye-ringtony/dj-geny-tur-amp-techno-project-duduk/38-1-0-10363
Оба на! Сестра звонит,Стандартные рингтоны,Скачали: 277 ,https://mobzvonok.ru/load/standartnye-ringtony/oba-na-sestra-zvonit/41-1-0-10362
Дима Билан - Молния,Танцевальные рингтоны,Скачали: 42 ,https://mobzvonok.ru/load/tancevalnye-ringtony/dima-bilan-molnija/38-1-0-10361
Filatov & Karas feat. Masha - Лирика,Романтические рингтоны,Скачали: 108 ,https://mobzvonok.ru/load/romanticheskie-ringtony/filatov-amp-karas-feat-masha-lirika/42-1-0-10360
LVNX, Алина Селях - Белая ночь (Remix),Романтические рингтоны,Скачали: 107 ,https://mobzvonok.ru/load/romanticheskie-ringtony/lvnx-alina-seljah-belaja-noch-remix/42-1-0-10355
Артик & Асти - Неделимы,Танцевальные рингтоны,Скачали: 189 ,https://mobzvonok.ru/load/tancevalnye-ringtony/artik-amp-asti-nedelimy/38-1-0-10354
T-Fest - Улети,Танцевальные рингтоны,Скачали: 110 ,https://mobzvonok.ru/load/tancevalnye-ringtony/t-fest-uleti/38-1-0-10353
СМС - АПЧХИ!,Рингтоны на СМС,Скачали: 114 ,https://mobzvonok.ru/load/ringtony-na-sms/sms-apchhi/43-1-0-10352
Очень мощный будильник,Мелодии и Звонки на Будильник,Скачали: 192 ,https://mobzvonok.ru/load/melodii_i_zvonki_na_budilnik/ochen-moschnyj-budilnik/15-1-0-10351
Тима Белорусских - Незабудка,Танцевальные рингтоны,Скачали: 120 ,https://mobzvonok.ru/load/tancevalnye-ringtony/tima-belorusskih-nezabudka/38-1-0-10350
МИНЬОНЫ - Papa Mama Loca Pipa ( Гадкий Я 3),Танцевальные рингтоны,Скачали: 342 ,https://mobzvonok.ru/load/tancevalnye-ringtony/minony-papa-mama-loca-pipa-gadkij-ja-3/38-1-0-10345
"Гарри Поттер,""Рингтоны, мелодии из фильмов и сериалов"",Скачали: 174 ,https://mobzvonok.ru/load/ringtony_melodii_iz_filmov_i_serialov/garri-potter/30-1-0-10344"
Edward Simoni - Popcorn,Классические рингтоны,Скачали: 614 ,https://mobzvonok.ru/load/klassicheskie-ringtony/edward-simoni-popcorn/50-1-0-10343



Дядя Жора - Пиво,Танцевальные рингтоны,Скачали: 182 ,https://mobzvonok.ru/load/tancevalnye-ringtony/djadja-zhora-pivo/38-1-0-10342
Робот - Boston dynamics sms,Рингтоны на СМС,Скачали: 84 ,https://mobzvonok.ru/load/ringtony-na-sms/robot-boston-dynamics-sms/43-1-0-10341
Прикольный звонок - Начальник звонит,Русские рингтоны,Скачали: 555 ,https://mobzvonok.ru/load/russkie_ringtony/prikolnyj-zvonok-nachalnik-zvonit/6-1-0-10337
Водка, пиво, под конец корпоратива,Танцевальные рингтоны,Скачали: 529 ,https://mobzvonok.ru/load/tancevalnye-ringtony/vodka-pivo-pod-konec-korporativa/38-1-0-10336
Ghostface Playa - Why not,Танцевальные рингтоны,Скачали: 712 ,https://mobzvonok.ru/load/tancevalnye-ringtony/ghostface-playa-why-not/38-1-0-10333
"Музыка из фильма - Джентльмены удачи,""Рингтоны, мелодии из фильмов и сериалов"",Скачали: 574 ,https://mobzvonok.ru/load/ringtony_melodii_iz_filmov_i_serialov/muzyka-iz-filma-dzhentlmeny-udachi/30-1-0-10335"
Тын-Дын...Тын-Дын!!!,Прикольные рингтоны,Скачали: 529 ,https://mobzvonok.ru/load/prikolnye_ringtony/tyn-dyntyn-dyn/11-1-0-10334
Мурат Тхагалегов - Голубоглазая Настя,Рингтоны Новинки 2022,Скачали: 3023 ,https://mobzvonok.ru/load/ringtony_novinki/murat_tkhagalegov_goluboglazaja_nastja/10-1-0-1995
Ольга Серябкина - Стреляй,Рингтоны Новинки 2022,Скачали: 1822 ,https://mobzvonok.ru/load/ringtony_novinki/olga_serjabkina_streljaj/10-1-0-2010
Miyagi & Andy Panda, Mav D - Marmalade (Redwave Remix),Рингтоны Новинки 2022,Скачали: 3081 ,https://mobzvonok.ru/load/ringtony_novinki/miyagi_andy_panda_mav_d_marmalade_redwave_remix/10-1-0-1971
Олег Кензов - На 200м Крузере,Рингтоны Новинки 2022,Скачали: 618 ,https://mobzvonok.ru/load/ringtony_novinki/oleg_kenzov_na_200m_kruzere/10-1-0-2009
MC Zali - Прямо сейчас,Рингтоны Новинки 2022,Скачали: 1897 ,https://mobzvonok.ru/load/ringtony_novinki/mc_zali_prjamo_sejchas/10-1-0-2011
Shaman - Ты Моя,Рингтоны Новинки 2022,Скачали: 6696 ,https://mobzvonok.ru/load/ringtony_novinki/shaman_ty_moja/10-1-0-2007
KVPV - Anybody,Танцевальные рингтоны,Скачали: 1106 ,https://mobzvonok.ru/load/tancevalnye-ringtony/kvpv-anybody/38-1-0-10306
Ханна - Девочка Рок,Рингтоны Новинки 2022,Скачали: 301 ,https://mobzvonok.ru/load/ringtony_novinki/khanna_devochka_rok/10-1-0-1999
GIN - 6ix9ine,Рингтоны Новинки 2022,Скачали: 374 ,https://mobzvonok.ru/load/ringtony_novinki/gine_6ix9ine/10-1-0-1998
Room4Space & GrooveU - Voyage ,Танцевальные рингтоны,Скачали: 49 ,https://mobzvonok.ru/load/tancevalnye-ringtony/room4space__grooveu_-_voyage_/38-1-0-10332
Мафик & Ирина Коган - Зелёная,Рингтоны Новинки 2022,Скачали: 2487 ,https://mobzvonok.ru/load/ringtony_novinki/mafik_irina_kogan_zeljonaja/10-1-0-1990
Gayazov$ Brother$ - Пошла Жара (feat. Filatov & Karas) Remix,Танцевальные рингтоны,Скачали: 693 ,https://mobzvonok.ru/load/tancevalnye-ringtony/gayazov-brother-poshla-zhara-feat-filatov-amp-karas-remix/38-1-0-10331
Amaarae, Kali Uchis feat. Moliy - SAD GIRLZ LUV MONEY (версия 3),Танцевальные рингтоны,Скачали: 41 ,https://mobzvonok.ru/load/tancevalnye-ringtony/amaarae_kali_uchis_feat_moliy_-_sad_girlz_luv_money_versiya_3/38-1-0-10328



Amaarae, Kali Uchis feat. Moliy - SAD GIRLZ LUV MONEY (версия 2),Танцевальные рингтоны,Скачали: 89 ,https://mobzvonok.ru/load/tancevalnye-ringtony/amaarae_kali_uchis_feat_moliy_-_sad_girlz_luv_money_versiya_2/38-1-0-10327
Fly 2 - Zivert & Niletto (Hardphol Remix),Рингтоны Новинки 2022,Скачали: 579 ,https://mobzvonok.ru/load/ringtony_novinki/fly-2-zivert-amp-niletto-hardphol-remix/10-1-0-10325
Amaarae, Kali Uchis feat. Moliy - SAD GIRLZ LUV MONEY,Танцевальные рингтоны,Скачали: 1184 ,https://mobzvonok.ru/load/tancevalnye-ringtony/amaarae-kali-uchis-feat-moliy-sad-girlz-luv-money/38-1-0-10321
Calvin Harris, Dua Lipa - One kiss (sped up),Разные рингтоны,Скачали: 824 ,https://mobzvonok.ru/load/raznye-ringtony/calvin-harris-dua-lipa-one-kiss-sped-up/52-1-0-10210
Cardi B – Up,Танцевальные рингтоны,Скачали: 479 ,https://mobzvonok.ru/load/tancevalnye-ringtony/cardi-b-up/38-1-0-10209
AirplaneMode – Bones,Рэп рингтоны,Скачали: 1426 ,https://mobzvonok.ru/load/rjep-ringtony/airplanemode-bones/39-1-0-10202
BVLVNS - In and out of love,Клубные рингтоны,Скачали: 13296 ,https://mobzvonok.ru/load/klubnye_ringtony/bvlvns_-_in_and_out_of_love/3-1-0-10106
Ксилофон - Очень красивый будильник,Мелодии и Звонки на Будильник,Скачали: 6015 ,https://mobzvonok.ru/load/melodii_i_zvonki_na_budilnik/ksilofon_-_ochen_krasivyy_budilnik/15-1-0-10092
DVRST, Kingpin Skinny Pimp - THINKIN OF A DRIVE BY,Танцевальные рингтоны,Скачали: 1396 ,https://mobzvonok.ru/load/tancevalnye-ringtony/dvrst-kingpin-skinny-pimp-thinkin-of-a-drive-by/38-1-0-10318
Любэ - Не Валяй Дурака, Америка,Русские рингтоны,Скачали: 2019 ,https://mobzvonok.ru/load/russkie_ringtony/ljubeh_ne_valjaj_duraka_amerika/6-1-0-1992
Стас Михайлов - Я Жду Звонка,Рингтоны Новинки 2022,Скачали: 4726 ,https://mobzvonok.ru/load/ringtony_novinki/stas_mikhajlov_ja_zhdu_zvonka/10-1-0-2005
"Boris Way - Running up that hill (версия 2),""Рингтоны, мелодии из фильмов и сериалов"",Скачали: 108 ,https://mobzvonok.ru/load/ringtony_melodii_iz_filmov_i_serialov/boris_way_-_running_up_that_hill_versiya_2/30-1-0-10317"
Уфффффф...,Клубные рингтоны,Скачали: 297 ,https://mobzvonok.ru/load/klubnye_ringtony/uffffff/3-1-0-10316
Mak Sauce & Lil Yachty, NLE Choppa - Good Morning (Remix),Рэп рингтоны,Скачали: 91 ,https://mobzvonok.ru/load/rjep-ringtony/mak-sauce-amp-lil-yachty-nle-choppa-good-morning-remix/39-1-0-10315
Sia - Unstoppable (Remix),Разные рингтоны,Скачали: 241 ,https://mobzvonok.ru/load/raznye-ringtony/sia-unstoppable/52-1-0-10314
Sia - Unstoppable,Разные рингтоны,Скачали: 1142 ,https://mobzvonok.ru/load/raznye-ringtony/sia-unstoppable/52-1-0-10313
French Montana & Juicy J, Logic, A$AP Rocky - Twisted,Рэп рингтоны,Скачали: 270 ,https://mobzvonok.ru/load/rjep-ringtony/french-montana-amp-juicy-j-logic-aap-rocky-twisted/39-1-0-10312
Crank That (Fabian Mazur Remix) Soulja Boy,Танцевальные рингтоны,Скачали: 207 ,https://mobzvonok.ru/load/tancevalnye-ringtony/house-on-fire-asking-alexandria/38-1-0-10311
Lipsi Ha (Phonk House Remix) Instasamka,Танцевальные рингтоны,Скачали: 412 ,https://mobzvonok.ru/load/tancevalnye-ringtony/lipsi-ha-phonk-house-remix-instasamka/38-1-0-10310
Phonk house,Танцевальные рингтоны,Скачали: 475 ,https://mobzvonok.ru/load/tancevalnye-ringtony/phonk-house/38-1-0-10309
